,accuracy,precision,recall,f1,cohen_kappa
bert-base-uncased,0.828125,0.8513392857142856,0.7818452380952378,0.7998528554778549,0.6080987394957986
distilbert-base-uncased,0.4921875,0.0125,0.003125,0.005,-0.00016447368421052544
roberta-base,0.5078125,0.5078125,1.0,0.656782939282939,
xlnet-base-cased,0.5390625,0.5386309523809525,0.4451190476190476,0.450252525252525,0.057700721835783744
albert-base-v2,0.2984375,0.354315476190476,0.44849702380952383,0.368086219336219,-0.32437776112776123
